design-system-atoms-contextkindswatch--all-kinds	Design System/Atoms/ContextKindSwatch	All Kinds
design-system-atoms-contextkindswatch--sizes-and-selection	Design System/Atoms/ContextKindSwatch	Sizes And Selection
component-library-molecules-contextbudgetbar--budget-states	Component Library/Molecules/ContextBudgetBar	Budget States
component-library-molecules-contextbudgetbar--selected-segment	Component Library/Molecules/ContextBudgetBar	Selected Segment
component-library-molecules-contextlegend--modes	Component Library/Molecules/ContextLegend	Modes
component-library-molecules-contextlegend--compact-core-kinds	Component Library/Molecules/ContextLegend	Compact Core Kinds
component-library-molecules-contextlegend--annotation-and-course-kinds	Component Library/Molecules/ContextLegend	Annotation And Course Kinds
component-library-molecules-contextstackdiagram--grouped-context-window	Component Library/Molecules/ContextStackDiagram	Grouped Context Window
component-library-molecules-contextstackdiagram--selected-layer	Component Library/Molecules/ContextStackDiagram	Selected Layer
component-library-molecules-contextstackdiagram--comparison	Component Library/Molecules/ContextStackDiagram	Comparison
component-library-molecules-contextstripdiagram--dense-segments	Component Library/Molecules/ContextStripDiagram	Dense Segments
component-library-molecules-contextstripdiagram--selected-segment	Component Library/Molecules/ContextStripDiagram	Selected Segment
component-library-molecules-contextstripdiagram--limit-comparison	Component Library/Molecules/ContextStripDiagram	Limit Comparison
component-library-molecules-contexttreemap--proportional-tokens	Component Library/Molecules/ContextTreemap	Proportional Tokens
component-library-molecules-contexttreemap--selected-tile	Component Library/Molecules/ContextTreemap	Selected Tile
component-library-molecules-contexttreemap--comparison	Component Library/Molecules/ContextTreemap	Comparison
component-library-organisms-contextdiagrampanel--interactive-views	Component Library/Organisms/ContextDiagramPanel	Interactive Views
component-library-organisms-contextdiagrampanel--starting-views	Component Library/Organisms/ContextDiagramPanel	Starting Views
